ID,Type,SKU,Name,Images,Images alt
86,simple,,"I-1012, 2.58 CTTW Fancy 40 RB&54 TB, 18KT, WG",I-1012.jpg,I-1012.jpg
99,simple,,Item: G-I-1513,G-I-1513-1.jpg,G-I-1513-1.jpg
103,simple,,Item: G-I-1362,G-I-1362.jpg,G-I-1362.jpg
105,simple,,Item: G-I-1586,G-I-1586.jpg,G-I-1586.jpg
107,simple,,Item: G-I-1587,G-I-1587.jpg,G-I-1587.jpg
109,simple,,Item: G-I-1588,G-I-1588.jpg,G-I-1588.jpg
112,simple,,Item: G-I-1722,G-I-1722.jpg,G-I-1722.jpg
114,simple,,Item: G-I-498,G-I-498.jpg,G-I-498.jpg
116,simple,,Item: G-I-499,G-I-499.jpg,G-I-499.jpg
118,simple,,Item: G-I-509,G-I-509.jpg,G-I-509.jpg
121,simple,,Item: G-I-510,G-I-510.jpg,G-I-510.jpg
123,simple,,Item: G-I-512,G-I-512.jpg,G-I-512.jpg
125,simple,,Item: G-I-514,G-I-514.jpg,G-I-514.jpg
127,simple,,Item: G-I-518,G-I-518.jpg,G-I-518.jpg
129,simple,,Item: G-I-517,G-I-517.jpg,G-I-517.jpg
131,simple,,Item: G-I-527,G-I-527.jpg,G-I-527.jpg
133,simple,,Item: G-I-519,G-I-519.jpg,G-I-519.jpg
135,simple,,Item: G-I-549,G-I-549.jpg,G-I-549.jpg
137,simple,,Item: G-I-547,G-I-547.jpg,G-I-547.jpg
139,simple,,Item: G-I-556,G-I-556.jpg,G-I-556.jpg
141,simple,,Item: G-I-550,G-I-550.jpg,G-I-550.jpg
143,simple,,Item: G-I-561,G-I-561.jpg,G-I-561.jpg
149,simple,G-I-560,Navy Arms 22 Mag,G-I-560.jpg,G-I-560.jpg
151,simple,Item: G-I-566,Browning 280 Rem A-Bolt,G-I-566.jpg,G-I-566.jpg
169,simple,,Item,album-1.jpg,album-1.jpg
397,grouped,titan-43809,titan watch,titan-43809.jpg,titan-43809.jpg
399,simple,SwissArmy4617122,SwissArmy4617122,SwissArmy4617122.jpg,SwissArmy4617122.jpg
400,grouped,162-02,Maui Jim Sunglasses,162-02.jpg,162-02.jpg
401,grouped,210-17,Maui Jim Sunglasses,210-17.jpg,210-17.jpg
402,grouped,225-04,Maui Jim Sunglasses,225-04.jpg,225-04.jpg
403,grouped,236-02H,Maui Jim Sunglasses,236-02H.jpg,236-02H.jpg
404,grouped,237-2M,Maui Jim Sunglasses,237-2M.jpg,237-2M.jpg
405,grouped,323-02D,Maui Jim Sunglasses,323-02D.jpg,323-02D.jpg
406,grouped,408-02,Maui Jim Sunglasses,408-02.jpg,408-02.jpg
407,grouped,421-02,Maui Jim Sunglasses,421-02.jpg,421-02.jpg
408,grouped,425-02,Maui Jim Sunglasses,425-02.jpg,425-02.jpg
409,grouped,GS239-02,Maui Jim Sunglasses,GS239-02.jpg,GS239-02.jpg
410,grouped,GS245-17,Maui Jim Sunglasses,GS245-17.jpg,GS245-17.jpg
411,grouped,H111-01,Maui Jim Sunglasses,H111-01.jpg,H111-01.jpg
412,simple,H237-05M,Maui Jim Sunglasses,H237-05M.jpg,H237-05M.jpg
415,grouped,H322-23,Maui Jim Sunglasses,H322-23.jpg,H322-23.jpg
431,simple,I-242,I-242,i-242.jpg,i-242.jpg
447,simple,I-1980,I-1980,I-1980.jpg,I-1980.jpg
448,simple,I-1005,I-1005,I-1005.jpg,I-1005.jpg
449,simple,I-1006,I-1006,I-1006.jpg,I-1006.jpg
450,simple,I-1007,I-1007,I-1007.jpg,I-1007.jpg
451,simple,I-1008,I-1008,I-1008.jpg,I-1008.jpg
452,simple,I-1009,I-1009,I-1009.jpg,I-1009.jpg
455,simple,I-1716,LONDON BLUE TOPAZ RING,I-1716.jpg,I-1716.jpg
456,grouped,I-1717,BLUE TOPAZ RING,I-1717-1.jpg,I-1717-1.jpg
458,simple,I-1719,FANCY AMETHYST RING,I-1719.jpg,I-1719.jpg
